{
  "D": [
    -0.09356387704610825,
    0.415021687746048,
    -0.0005982438451610506,
    -0.0002659174788277596,
    0.0
  ],
  "K": [
    1704.108154296875,
    0.0,
    665.9058837890625,
    0.0,
    1704.108154296875,
    355.5428161621094,
    0.0,
    0.0,
    1.0
  ],
  "height": 720,
  "type": "pinhole",
  "width": 1280
}