{
  "D": [
    -0.08182598650455475,
    0.3818739354610443,
    -0.001417524297721684,
    0.000587495684158057,
    0.0
  ],
  "K": [
    1708.825927734375,
    0.0,
    637.4714965820313,
    0.0,
    1708.825927734375,
    364.9783630371094,
    0.0,
    0.0,
    1.0
  ],
  "height": 720,
  "type": "pinhole",
  "width": 1280
}