{
  "T_slave_master": [
    {
      "camera": "slave-0",
      "rvec": [
        -0.01220579967476279,
        -0.03376515422622595,
        0.043419322508855066
      ],
      "tvec": [
        -0.10646699930447207,
        -0.0074963770131678065,
        -0.008670019329019946
      ]
    }
  ]
}